{
  "ok": true,
  "who": "U",
  "code": 0,
  "msg": "OK",
  "result": {
    "service": {
      "Serial": "175144",
      "Name": "بسته حجمی 500 گیگ  بین الملل یا 2000 گیگ داخلی استاندارد ویژه مص",
      "Comment": null,
      "Credit": "512000",
      "SpeedClass": "0",
      "ClassName": "ترافیک اضافه",
      "GroupName": "ترافیک اضافه استاندارد (یکپارچه کشوری)"
    },
    "banks": [
      {
        "Serial": "649",
        "Name": "بانک سامان-مخابرات ایران",
        "Bank": "saman",
        "Logo": "https:\/\/adsl.tci.ir\/panel\/assets\/images\/banks\/saman.png"
      },
      {
        "Serial": "909",
        "Name": "بانک پارسیان-مخابرات ایران",
        "Bank": "parsianJadid",
        "Logo": "https:\/\/adsl.tci.ir\/panel\/assets\/images\/banks\/parsianJadid.png"
      }
    ],
    "costs": {
      "calc_tax": true,
      "service": 7000000,
      "tax": 630000,
      "abonman": 0,
      "panel": 0,
      "discount": 0,
      "discountPercent": 0,
      "discountLabel": "",
      "discountLabelPercent": "",
      "sumWithoutTax": 7000000,
      "sum": 7630000,
      "total": 7630000
    }
  },
  "nonce": "046a425a7bcf9f1577a2dae493380d9e"
}